Feature,Importance
Age,0.14622164618499311
Tenure_in_Months,0.13273613325727165
Monthly_Charge,0.2489117428766147
Number_of_Referrals,0.07926121500911096
Average_Monthly_Charge,0.27420236726464475
Engagement_Score,0.11866689540736482
