Model,Accuracy,Precision,Recall
Logistic Regression,0.7639915522703273,0.5989583333333334,0.23711340206185566
Decision Tree,0.7143611404435058,0.44308943089430897,0.44948453608247424
Random Forest,0.7819429778247096,0.6028571428571429,0.4350515463917526
XGBoost,0.778247096092925,0.5806451612903226,0.4824742268041237
LightGBM,0.7824709609292503,0.5928753180661578,0.48041237113402063
